云词,数量
微博,133
视频,130
我们,94
直播,94
一起,92
热巴,91
迪丽,87
大家,86
中国,65
罗永浩,64
Dear,63
关注,59
你们,58
朋友,52
##,50
快乐,50
今晚,48
带货,47
电视剧,45
转发,41
12,40
日本,39
抽送,37
今天,36
一个,36
链接,35
iPhone,34
可以,33
自己,33
网页,32
谢娜,32
清单,31
就是,30
加油,28
起来,26
枕上,26
一台,26
交个,26
搜狗,25
分享,25
福利,24
易威登,24
直播间,24
阿迪达斯,24
京东,23
这个,23
还有,23
三生,23
世界,22
三世,22
绿洲,21
一定,21
烈火,21
现在,21
如歌,20
2020,20
大本营,20
耐克,20
如果,19
生日快乐,19
开心,19
没有,19
希望,19
健康,19
开始,19
粉丝,19
未来,18
他们,18
不是,18
mini,18
20,17
还是,17
一下,17
一年,17
新年,17
巴黎,17
喜欢,17
问题,17
不要,16
idoltube,16
已经,16
知道,15
11,15
惊喜价,15
国家,14
准备,14
AI,14
一直,14
游戏,14
什么,14
欧莱雅,14
电影,14
挑战,14
2019,14
不能,14
妈妈,14
一样,13
最近,13
翻译,13
带来,13
时候,13
全网,13
这些,13
一次,13
公司,13
真的,13
冷巴,13
这次,13
官方,13
地方,13
礼盒,13
Swisse,13
斯维诗,13
品牌,12
经济,12
不会,12
北京,12
时间,12
工作,12
红包,12
就要,12
因为,12
感谢,12
老师,12
发现,12
注意,12
YSL,12
10,12
平台,12
疫情,12
幸福,12
周六,12
周五,12
彪马,12
网络,11
很多,11
为了,11
第一次,11
认为,11
拥有,11
获得,11
女孩,11
反转,11
特别,11
每天,11
热爱,11
音乐,11
武汉,11
李长,11
老罗,11
看到,10
成为,10
这么,10
祝福,10
终于,10
祖国,10
努力,10
...,10
儿童,10
人工智能,10
美国,10
青春,10
这样,10
一天,10
开播,10
继续,10
开启,10
全新,10
虽然,10
期待,10
生日,10
代言人,10
剧场,10
周放,10
触手可及,10
综艺,10
娜娜,10
洋河,10
网易,10
账号,10
法国,9
今日,9
上线,9
巨人,9
微博之夜,9
所有,9
每个,9
和平,9
越来越,9
礼物,9
娱乐,9
只是,9
30,9
全球,9
需要,9
设计,9
可能,9
地球,9
美丽,9
营养,9
联盟,9
春晚,9
香水,9
到底,9
小米,9
08,9
兰蔻,9
正式,8
过去,8
那个,8
坚持,8
行动,8
我来,8
记得,8
情感,8
歌儿,8
优秀,8
怎么,8
恭喜,8
手机,8
腾讯,8
收到,8
自拍,8
夏天,8
勇敢,8
惊喜,8
一千零一夜,8
除了,8
凤九,8
所以,8
眼霜,8
最美,8
这是,8
19,8
LV,8
社会,8
系列,8
同款,8
好物,8
病毒,8
确诊,8
西方,8
周末,8
首档,8
竖屏,8
设为,8
周日,8
雅诗兰黛,8
唇膏,8
匹克,8
图片,7
有人,7
但是,7
应该,7
2018,7
搜索,7
APP,7
服务,7
全部,7
第一,7
好运,7
故事,7
别人,7
年轻,7
新年快乐,7
小川,7
爆社,7
技术,7
一元,7
送给,7
谢谢,7
结果,7
手表,7
发布,7
下载,7
21,7
哈哈哈,7
保持,7
身体,7
年度,7
水果,7
感动,7
支持,7
明天,7
项目,7
创造,7
全世界,7
一点,7
VogueMe,7
Pro,7
新浪,7
致敬,7
邀请,7
成本,7
感觉,7
上海,7
限定,7
即将,7
新增,7
疫区,7
下降,7
非常,7
太阳,7
谢谢您,7
na,7
最爱,7
之谜,7
李宁,7
锐步,7
专场,7
单曲,7
五粮液,7
欧阳,7
温暖,6
好吃,6
超级,6
同时,6
困难,6
全国,6
合作,6
内容,6
并且,6
或者,6
阿尔卑斯,6
回乡,6
日子,6
快来,6
媒体,6
今年,6
公益,6
现场,6
各位,6
听说,6
有效,6
感受,6
网友,6
区块,6
ACTION,6
体验,6
帮助,6
银行,6
告诉,6
战士,6
秘密,6
文学奖,6
几天,6
梦想,6
高兴,6
改变,6
一条,6
生命,6
东西,6
新品,6
发布会,6
一位,6
更好,6
存在,6
围观,6
人生,6
天天,6
动态,6
100,6
极限,6
27,6
美的,6
一些,6
浪漫,6
这里,6
之旅,6
vlog,6
防疫,6
平安,6
患者,6
力士,6
放放子,6
荣耀,6
秒杀,6
爸爸,6
周四,6
面霜,6
电视,6
海蓝,6
三只,6
松鼠,6
套装,6
泸州,6
xx,6
为什么,6
男士,6
一加,6
蔡康永,6
珠宝,5
最大,5
是不是,5
数学,5
相信,5
冬天,5
仪式,5
新能源,5
一张,5
各种,5
至少,5
看看,5
只有,5
真正,5
可爱,5
终极,5
接受,5
民生,5
自身,5
医保,5
40,5
孩子,5
走进,5
参加,5
重要,5
人类,5
节目,5
回答,5
追求,5
之前,5
错过,5
旅行,5
降噪,5
追剧,5
大嘴巴,5
贸易战,5
娃娃,5
以为,5
完成,5
另外,5
歌手,5
最后,5
录音笔,5
员工,5
作品,5
能量,5
时代,5
小朋友,5
作为,5
加入,5
科技,5
滞销,5
信息,5
能够,5
飘柔,5
特大,5
七七,5
自然,5
彩虹,5
甚至,5
疫苗,5
慢游,5
牙膏,5
两个,5
不用,5
最好,5
精彩,5
事情,5
生活,5
成长,5
献给,5
明星,5
眼镜,5
效果,5
时尚,5
名字,5
call,5
湖南卫视,5
愿望,5
排队,5
下午,5
活动,5
经典,5
记录,5
西藏,5
找到,5
跟着,5
bose,5
耳机,5
美女,5
女装,5
来看,5
心情,5
声音,5
交易,5
肺炎,5
工作者,5
抗疫,5
物资,5
欢迎,5
其他,5
十足,5
定制,5
享受,5
沐浴,5
沐浴露,5
华为,5
奶茶,5
旅拍,5
正在,5
场面,5
异常,5
火爆,5
小伙伴,5
速来,5
奥迪,5
精英,5
2021,5
引擎,5
精工,5
机械表,5
百草,5
冰箱,5
匡威,5
丝滑,5
显卡,5
老窖,5
科颜氏,5
当然,5
口红,5
电动车,5
SK,5
II,5
面对,5
长歌,5
研发,4
超过,4
来自,4
以后,4
东北三省,4
人民币,4
东北,4
确实,4
一种,4
进行,4
照片,4
肯定,4
专业,4
承诺,4
车辆,4
去年,4
微有,4
良品,4
春节,4
其实,4
安排,4
以前,4
欢乐,4
强大,4
辛苦,4
点亮,4
笑容,4
大病,4
助力,4
昨天,4
精神,4
爆发,4
成绩,4
女生,4
极致,4
方式,4
这句,4
女神,4
18,4
购买,4
政府,4
上市,4
江湖,4
脑洞,4
你好,4
能力,4
中心,4
打开,4
样子,4
OPPO,4
想要,4
值得,4
轻盈,4
提供,4
传统,4
文化,4
简单,4
推荐,4
闪耀,4
农产品,4
地区,4
产业,4
数据,4
国产,4
才能,4
受益,4
推广,4
解决,4
Rejoice,4
嘴巴,4
达到,4
巨大,4
行业,4
自信,4
科学,4
东方,4
以及,4
回忆,4
味道,4
学会,4
任何,4
黑人,4
杨幂,4
颜色,4
星光,4
电影频道,4
15,4
共同,4
报道,4
心中,4
肌肤,4
实现,4
更加,4
美好,4
快去,4
守护,4
锦鲤,4
广泛,4
互联网,4
相关,4
彻底,4
年轻人,4
前者,4
不同,4
不见不散,4
其中,4
铺子,4
事事,4
人口,4
升级,4
安慕希,4
杭州,4
突然,4
中国青年报,4
每日,4
那些,4
一会儿,4
市值,4
贡献,4
征途,4
22,4
计划,4
机器人,4
必须,4
阅读,4
回归,4
严重,4
开学,4
我爱你,4
日记,4
变得,4
场景,4
大赏,4
更美,4
盗版,4
全民,4
狐狸,4
医疗,4
新冠,4
隔离,4
觉得,4
东华,4
看着,4
在线,4
hive,4
好多,4
打扮,4
输入,4
数量,4
爱情,4
限制,4
宠爱,4
相识,4
LUX,4
手袋,4
的话,4
来到,4
早餐,4
一首,4
约会,4
汽车,4
日晚,4
逢五必,4
嘉宾,4
红色旅游,4
神仙,4
年终奖,4
M1,4
净水器,4
精萃,4
精华,4
信良记,4
西凤酒,4
一生,4
安踏,4
杰哥,4
亚瑟,4
飞利浦,4
海尔,4
出生率,4
生育,4
李诞,4
iPad,4
石英表,4
阿玛尼,4
严选,4
万达,4
洗面奶,4
温和,4
氨基酸,4
连麦,4
机票,4
法院,4
能否,4
歌行,4
食品,3
足够,3
永远,3
进口,3
年会,3
三年,3
分别,3
三个,3
投资,3
感恩,3
那种,3
环境,3
逐步,3
人民,3
个性,3
模式,3
扶贫,3
脱贫,3
文字,3
举行,3
提前,3
补贴,3
刚刚,3
数字,3
兄弟,3
缴纳,3
聚一糖,3
满满的,3
接收,3
生态,3
大礼包,3
不少,3
不仅,3
马上,3
过年,3
强壮,3
两会,3
提案,3
基本,3
保障,3
全国政协,3
思考,3
全文,3
主题曲,3
关心,3
央视,3
调查,3
宇宙,3
学生,3
这种,3
拍照,3
特朗普,3
不如,3
CEO,3
那么,3
得到,3
工作室,3
记忆,3
智慧,3
AP,3
改革开放,3
允许,3
热血,3
演绎,3
遇见,3
影响,3
酷爽,3
西瓜,3
硬件,3
录音,3
知乎,3
表演,3
作家,3
国际,3
完全,3
传递,3
争取,3
超越,3
光芒,3
姐姐,3
可是,3
老铁们,3
App,3
大量,3
现象,3
根据,3
状态,3
理解,3
鼓励,3
发展,3
产品,3
618,3
无人机,3
距离,3
坚信,3
无知,3
知识,3
选择,3
料理,3
成都,3
没用,3
推出,3
查询,3
情书,3
长发,3
护肤,3
精致,3
十年,3
家庭,3
爱意,3
持续,3
卓诗尼,3
吃饭,3
谣言,3
算法,3
天气,3
保暖,3
一同,3
责任,3
先生,3
呵护,3
一切,3
最终,3
年前,3
同胞,3
爱豆,3
爱丽丝,3
误导,3
无法,3
同事,3
用心,3
后者,3
意义,3
看见,3
她们,3
尝试,3
一半,3
不成,3
活力,3
一份,3
开开心心,3
坚果,3
零食,3
新春,3
收获,3
情人节,3
QINA,3
我要,3
野生,3
无数,3
生物,3
环保,3
酸奶,3
硬核,3
奋斗,3
英雄,3
发起人,3
angelica,3
张宇,3
管理,3
昨晚,3
星河,3
不可,3
创新,3
生日会,3
26,3
爱上,3
时髦,3
百变,3
乖乖,3
紧张,3
成功,3
使用,3
高考,3
时光,3
Facebook,3
架构,3
支付,3
这件,3
信用,3
业务,3
企业,3
民生银行,3
香气,3
结论,3
只要,3
洗护,3
节日,3
泡泡,3
重生,3
失去,3
linux,3
sed,3
awk,3
cut,3
sort,3
uniq,3
命令,3
摘下,3
主动,3
早上,3
重庆,3
相机,3
看起来,3
女子,3
锁定,3
不怕,3
时装周,3
造型,3
国宝,3
这场,3
双方,3
手游,3
代言,3
预售,3
董事会,3
追梦,3
盛典,3
轻松,3
拒绝,3
从我做起,3
传染性,3
面前,3
如此,3
医务,3
一线,3
接触,3
在家,3
感染,3
后来,3
传播,3
行程,3
是否,3
14,3
白凤九,3
火锅,3
阿兰若,3
大结局,3
民众,3
调优,3
map,3
task,3
这时候,3
等待,3
家乡,3
复工,3
复产,3
本土,3
病例,3
阻断,3
完美,3
峰值,3
结束,3
几个,3
......,3
蝙蝠,3
品质,3
告白,3
喜爱,3
手稿,3
填色,3
小娇,3
娇宠,3
这份,3
28,3
出手,3
春夏,3
甜美,3
早上好,3
肚子,3
战争,3
七点,3
见面,3
RS,3
冠军,3
淘宝,3
一猜,3
百元,3
狂欢,3
出彩,3
出来,3
抢红包,3
吃个,3
元气,3
照亮,3
绝大多数,3
没见,3
过千玺,3
晶晶,3
纪录片,3
演唱会,3
牛年,3
1664,3
天使,3
棉花,3
乐队,3
歌词,3
07,3
芯片,3
獭祭,3
好货,3
万事,3
纳福,3
听到,3
合伙人,3
洗衣机,3
小黑,3
三宅,3
女儿,3
讲故事,3
跑鞋,3
Whoo,3
俏俏,3
好玩,3
还会,3
进步,3
饭爷,3
辣酱,3
大希地,3
影票,3
聊聊,3
客观,3
喷粪,3
富裕,3
君初,3
至于,3
粉底液,3
纪梵希,3
金六福,3
圣罗兰,3
Nana,3
学雷锋,3
雷锋,3
鞋服,3
节日快乐,3
演出,3
提词,3
观众,3
大牌,3
奖杯,3
一周年,3
启用,3
上用,3
形式,3
厦门,3
查不到,3
还债,3
99,3
关关,3
阿窦,3
转基因,2
荒漠,2
醒醒,2
起床,2
登场,2
两年,2
服装,2
光头,2
嘿嘿,2
数十亿,2
几年,2
似乎,2
初期,2
一把,2
领导,2
真诚,2
积极,2
改善,2
乐观,2
热情,2
带动,2
曹国伟,2
随便,2
词典,2
英文,2
权威,2
用户,2
物流,2
目前,2
自营,2
换成,2
电动,2
通过,2
晚安,2
60,2
小可爱,2
甜蜜,2
200,2
两天,2
光明,2
好事,2
不让,2
宣传,2
五福,2
召唤,2
点来,2
表白,2
旺旺,2
男人,2
女人,2
好看,2
年夜饭,2
大大的,2
依然,2
预告,2
烧饼,2
一名,2
采访,2
此刻,2
万元,2
模型,2
报告,2
清晰,2
再次,2
深情,2
要求,2
委员,2
取代,2
受访者,2
十三,2
坏人,2
之后,2
年龄,2
增长,2
视野,2
首发,2
最强,2
共振,2
那里,2
掌握,2
霸气,2
拿到,2
开会,2
嘉行,2
传媒,2
嘉行迪丽,2
出道,2
抱抱,2
大幅,2
增加,2
先进,2
挑事,2
配送,2
奢侈品,2
销售,2
程序,2
无需,2
好消息,2
关系,2
国计民生,2
外国人,2
放开,2
态度,2
预约,2
玩耍,2
动漫,2
性格,2
相互,2
扶持,2
信任,2
Labo,2
震撼,2
顶尖,2
艺术,2
人文,2
大学,2
许多,2
教学,2
辜负,2
转写,2
同传,2
功能,2
国内,2
图书奖,2
初衷,2
舞台,2
好好,2
雪碧,2
军团,2
夏日,2
哈哈哈哈,2
回来,2
温柔,2
远大,2
成立,2
部分,2
农民,2
建议,2
做成,2
反馈,2
一旦,2
事件,2
答案,2
做个,2
不断,2
目标,2
载重量,2
飞行,2
1000,2
公里,2
100%,2
自主,2
6000,2
投入,2
价值,2
性感,2
魅力,2
凌凌七,2
容易,2
黑暗,2
来信,2
嘴要,2
商品,2
10%,2
一句,2
啪啪,2
下来,2
科学家,2
首次,2
后代,2
温度,2
交代,2
改进,2
避免,2
以外,2
卫视,2
刘强,2
成员,2
参与,2
886,2
陪伴,2
获取,2
最新,2
嘎嘎,2
一封,2
充满,2
海风,2
大海,2
柔软,2
护舒宝,2
液体,2
卫生巾,2
干练,2
不管,2
标配,2
坚守,2
明明,2
高伟光,2
周岁,2
一步,2
实时,2
散布,2
事实,2
法律,2
投资人,2
马云,2
做人,2
有些,2
幻想,2
17,2
攻坚战,2
永垂不朽,2
受伤,2
上面,2
双十,2
晚会,2
换季,2
细纹,2
变成,2
不易,2
影响力,2
打打,2
谈谈,2
太平洋,2
公祭,2
干扰,2
警方,2
独立,2
本人,2
做出,2
回应,2
困扰,2
宣布,2
行为,2
为此,2
担当,2
由于,2
一群,2
唯一,2
为主,2
诠释,2
聪明,2
善良,2
闲人,2
精油,2
实力,2
新年好,2
眼神,2
方向,2
绽放,2
范儿,2
口味,2
心选,2
点开,2
顺利,2
模仿,2
别忘了,2
一点点,2
瞬间,2
高端,2
不够,2
幸运,2
现金,2
抽奖,2
祝愿,2
平平安安,2
唱歌,2
出发,2
Garmin,2
保护,2
一个月,2
超出,2
只能,2
我会,2
主播,2
希腊,2
色彩,2
美味,2
蒙德里安,2
潮流,2
美学,2
壮志,2
男团,2
喊出,2
三周年,2
展览,2
打卡,2
战略,2
近期,2
公开,2
造谣,2
底线,2
不错,2
接力,2
强国,2
爱喝,2
红酒,2
茅台,2
这一,2
收工,2
拉面,2
Pick,2
花溢,2
可甜,2
可酷,2
相约,2
垃圾,2
通史,2
风格,2
哥哥,2
差不多,2
阿丝,2
儿们,2
台前幕后,2
为啥,2
步伐,2
骗子,2
定义,2
放到,2
理性,2
民族,2
蓝天,2
代替,2
四位,2
身边,2
传承,2
不潮,2
不出,2
影业,2
要来,2
主导,2
优势,2
因此,2
中心化,2
钱包,2
国际化,2
缺乏,2
他人,2
分析,2
不再,2
玩家,2
SIXTY,2
瓶盖,2
贷款,2
低于,2
政策,2
取消,2
两家,2
村镇,2
一家,2
面向,2
赚钱,2
榜样,2
海底,2
柔顺,2
发香,2
香氛,2
不靠,2
新房,2
有趣,2
一百位,2
回家,2
过山车,2
游乐园,2
经历,2
大陆,2
香港,2
悄悄,2
力扣,2
LeetCode,2
太多,2
关闭,2
蓝牙,2
设置,2
疑似,2
合照,2
13,2
一人,2
黑色,2
搭配,2
单边,2
百搭,2
阅兵,2
方阵,2
邂逅,2
骄傲,2
身上,2
反驳,2
国庆,2
激动,2
帽子,2
包包,2
出海,2
自由,2
新鲜,2
有意思,2
奇妙,2
第一支,2
胶原蛋白,2
少女,2
思想,2
深刻,2
陌生人,2
提高,2
效率,2
流程,2
妹妹,2
IP,2
红娘,2
万水千山,2
who,2
C1,2
pro,2
存储,2
显示,2
收入,2
挂钩,2
这套,2
比较,2
离开,2
以微,2
博之力,2
GET,2
齐心协力,2
蔓延,2
众志成城,2
打击,2
恐慌,2
SARS,2
系统,2
大灾,2
有大爱,2
尤其,2
大吉大利,2
力气,2
办法,2
新型,2
痊愈,2
免疫力,2
发烧,2
推理,2
人群,2
去过,2
医院,2
同程,2
公共交通,2
统一,2
封城,2
居家,2
湖北,2
最高,2
相亲,2
健身,2
帝君,2
说好,2
吃火锅,2
吃醋,2
不过,2
由内而外,2
默默,2
青丘,2
各路,2
等到,2
境外,2
背后,2
一篇,2
附近,2
变小,2
海外,2
卧倒,2
消耗,2
太高,2
早日,2
正常,2
人员,2
治疗,2
上升,2
突破,2
必然,2
差距,2
传染源,2
于是,2
跳水,2
崩塌,2
抢占,2
我国,2
减少,2
多年,2
免费,2
个人,2
暂时,2
营业,2
袭击,2
也许,2
听过,2
高级,2
了解,2
红利,2
劳动力,2
劳动密集,2
对比,2
植萃,2
仙女,2
八点,2
书写,2
天空,2
夜色,2
定格,2
甜甜的,2
事业,2
放下,2
出自,2
迪迪子,2
摩登,2
4A,2
景区,2
娇韵诗,2
一套,2
相伴,2
主持,2
管理层,2
面孔,2
好奇,2
解锁,2
康康,2
一本,2
满足,2
时刻,2
微醺,2
Twist,2
杨洋,2
恋爱,2
图标,2
手办,2
SINCE,2
1854,2
补充,2
古代,2
亲自,2
前往,2
精心,2
一场,2
度假,2
公主,2
城堡,2
最爱才,2
双喜临门,2
舞蹈,2
风暴,2
代表,2
亚太,2
当植,2
无愧,2
00,2
价格,2
超低价,2
机会,2
入冬,2
忘记,2
李维嘉,2
派对,2
研究,2
娜姐,2
Get,2
特种兵,2
快快,2
千万,2
沈凌,2
满分,2
麦片,2
低价,2
赶紧,2
本书,2
9.9,2
开源,2
workflow,2
编程,2
C++,2
依赖,2
性能,2
博览会,2
浦东,2
出现,2
反应,2
几句,2
弟弟,2
千玺,2
亲戚,2
笑口常开,2
方言,2
大使,2
出逃,2
周一,2
福气,2
爱人,2
张杰,2
倒计时,2
怕冷,2
凯旋,2
整年,2
畅快,2
试试,2
杀青,2
多谢,2
蓝色,2
CK,2
FILA,2
郎酒,2
特曲,2
松下,2
手链,2
16,2
Mac,2
五粮,2
肌底,2
显示器,2
吸尘器,2
智米,2
周三,2
年货,2
大吟酿,2
双狮,2
消息,2
大多,2
奥佳华,2
按摩椅,2
悦诗,2
风吟,2
BOSE,2
3070,2
华硕,2
湾仔,2
码头,2
水饺,2
24,2
MacBook,2
迪奥,2
百鸟朝凤,2
洽洽,2
一线品牌,2
质量,2
咖秀,2
清扬,2
面膜,2
古井,2
贡酒,2
跳跳,2
一边,2
一上午,2
中午,2
这会儿,2
好久好久,2
祝你们,2
上场,2
牛排,2
斐乐,2
香奈,2
凯奇,2
Dickies,2
哪吒,2
代金券,2
一部,2
每一件,2
好时光,2
一看,2
真是,2
公路,2
之光,2
最低价,2
理论,2
力量,2
恶意,2
所谓,2
一辆,2
电车,2
续航,2
好人,2
厂商,2
即便,2
比如,2
散热,2
控制,2
有点,2
算了,2
尽量,2
轰鸣,2
旁边,2
煤老板,2
开着,2
反正,2
思维,2
喷屁式,2
发动机,2
转屁,2
直接,2
智能,2
流量,2
数码,2
赶上,2
逐年,2
转换,2
全都,2
眼熟,2
电脑,2
Mate,2
Switch,2
容声,2
酒鬼,2
保湿霜,2
拉格,2
乳霜,2
群内,2
森林,2
歐陽,2
空降,2
得力,2
文具,2
文艺,2
纪念日,2
玺佳,2
黄油,2
RIO,2
鸡尾酒,2
桂花,2
蜗家纺,2
跑过来,2
一束,2
项链,2
周大福,2
礼包,2
GXG,2
JCC,2
天洋,2
墙布,2
过分,2
居然,2
话题,2
扫兴,2
演员,2
负责,2
划算,2
P40,2
防晒乳,2
联想,2
拯救,2
海澜,2
之家,2
全棉,2
小时,2
感兴趣,2
消费,2
老爷,2
出席,2
演讲,2
脸蛋,2
没爹,2
身份证号,2
解除,2
咋办,2
初恋,2
晚上,2
解答,2
过瘾,2
人狠话,2
吓一跳,2
佩服,2
心脏,2
师徒,2
大将军,2
大唐,2
2018.1,1
精力,1
树上,1
出能,1
扎根,1
存活,1
国土,1
27%,1
面积,1
这该,1
美妙,1
天亮,1
我该,1
大哥,1
祖蓝哥,1
王祖,1
围绕,1
登陆,1
数百,1
法国政府,1
签署,1
欧元,1
饮料,1
酒水,1
加上,1
箱包,1
美妆,1
品类,1
零售商,1
购物,1
不复存在,1
刘海儿,1
真丑,1
苍老,1
体育,1
吹风,1
前两天,1
走访,1
百亿,1
看好,1
不可否认,1
遇到,1
不小,1
建国初期,1
GDP,1
一度,1
占据,1
85%,1
工业,1
振兴,1
算是,1
中高层,1
高效,1
工作作风,1
营商,1
重情,1
重义,1
亏待,1
养蜂人,1
图片说明,1
黑龙江,1
饶河县,1
蜂产品,1
合作社,1
精准,1
贫困户,1
配啥,1
地说,1
冰糖葫芦,1
牛津大学,1
出版社,1
签约,1
旗下,1
类产品,1
引入,1
牛津,1
地道,1
及查,1
兑现,1
进出,1
货车,1
再用,1
激励,1
措施,1
合作伙伴,1
替换成,1
数十万,1
无污染,1
环境保护,1
承担责任,1
早安,1
洛杉矶,1
时差,1
害死,1
保险,1
公积金,1
税收,1
全员,1
全额,1
五险,1
一金,1
劳务,1
少缴,1
50,1
成绩单,1
新歌,1
首歌,1
绿头,1
野鸭,1
喜水善,1
洪泽湖,1
水系,1
散养,1
以上,1
老鸭,1
滋补,1
北上,1
广三地,1
有售,1
老家,1
石头,1
鸟枪,1
土炮,1
先富起来,1
企业家,1
乡邻,1
村民,1
捐钱,1
捐物,1
不敢,1
出去,1
炫耀,1
善举,1
上百万,1
亿万富翁,1
老哥,1
邓超,1
福到,1
财到,1
常在,1
福年,1
烈如歌,1
你集,1
快到,1
发了,1
领取,1
地点,1
明晚,1
劲儿,1
饱饱,1
万事如意,1
大美人,1
angelababy,1
常伴,1
拔刀,1
燎原,1
优酷,1
独播,1
下周,1
开张,1
政协委员,1
身份,1
畅谈,1
提交,1
两份,1
有关,1
倍感,1
责任重大,1
内蒙古,1
科右,1
前旗,1
欢欢,1
白血病,1
住院费,1
只用,1
自费,1
585,1
贫困县,1
2500,1
免于,1
致贫,1
返贫,1
乡村,1
多一份,1
而言,1
崭新,1
人民大会堂,1
第十三届,1
会议,1
聆听,1
政协常委会,1
长久以来,1
实践,1
逐渐,1
建设,1
深化,1
医药卫生,1
体制改革,1
此前,1
五年,1
建言献策,1
梨院,1
独守,1
相见,1
张碧晨,1
献唱,1
听雪,1
MV,1
十九,1
执法必严,1
违法必究,1
好自为之,1
小歌,1
歌溜,1
会场,1
内外,1
聊起,1
前不久,1
公众,1
认知,1
总共,1
收集,1
8000,1
多份,1
样本,1
结果显示,1
接近,1
八成,1
发展前景,1
广阔,1
渗透到,1
各行各业,1
三成,1
人工,1
这才,1
刚刚开始,1
不好,1
清楚,1
期间,1
限于,1
阅历,1
判断,1
好坏,1
随着,1
开阔,1
懂得,1
千种,1
强调,1
局限,1
误解,1
姑娘,1
自省,1
汤唯等,1
AlphaGo,1
战胜,1
李世,1
两周年,1
落地,1
神经网络,1
离线,1
软硬件,1
双麦,1
语言,1
互译,1
推向,1
实用,1
1498,1
预定,1
get,1
姿势,1
张朝阳,1
产物,1
表情,1
写真,1
总统,1
真要,1
发起,1
午餐,1
麻麻,1
商人,1
两败俱伤,1
全程,1
公证,1
尽显,1
领先,1
联合,1
创始人,1
陈睿,1
中学,1
同桌,1
大义灭亲,1
大义,1
灭己,1
远方,1
高晓松,1
强嫁,1
银雪,1
隔空,1
周边,1
先抓,1
才行,1
正版,1
庄主,1
有话,1
大屏幕,1
心心念念,1
见面礼,1
4000,1
66tj5,1
口袋,1
人化,1
危为机,1
极强,1
次贷,1
金融危机,1
比重,1
发达国家,1
武器,1
禁运,1
军工,1
行列,1
领导人,1
一大步,1
大椎,1
咋乎,1
今天上午,1
京尊达,1
知名,1
Franois,1
一百多年,1
第一块,1
订单,1
最新款,1
微信,1
月底,1
三十个,1
奢侈,1
入驻,1
Toplife,1
线下,1
圆梦,1
博鳌,1
力度,1
比例,1
持有,1
股权,1
持股,1
哪怕,1
一股,1
VIE,1
不算,1
浪潮,1
估计,1
全能,1
人小紫,1
热舞,1
R15,1
帅呆了,1
相遇,1
漫画,1
独家,1
连载,1
刚烈,1
洒脱,1
放手,1
情绪,1
交给,1
回去,1
失望,1
鲜衣怒马,1
烈焰,1
繁花,1
任天堂,1
不论是,1
宣传片,1
极其,1
2045,1
涌现出,1
一批,1
极具,1
创造性,1
工程技术,1
35,1
总工,1
那年,1
玩到,1
小时候,1
躲猫猫,1
玩起来,1
偷偷,1
神秘,1
克拉,1
死海,1
黑猿,1
特拉维夫,1
教授,1
创业,1
美食,1
接住,1
这瓶雪,1
纤维,1
不变,1
有加,1
我先,1
开动,1
风扇,1
只卖,1
398,1
club,1
陈佩斯,1
郎朗,1
同台,1
祝贺,1
皇马,1
三连冠,1
乌克兰,1
出身,1
第二届,1
揭晓,1
著名作家,1
王安忆,1
红豆,1
南国,1
美国作家,1
玛丽莲,1
罗宾逊,1
管家,1
此外,1
娃子,1
绘本,1
原创,1
故宫,1
文物,1
驱魔,1
科幻,1
评委,1
团去,1
评选,1
奖项,1
好书,1
读者,1
内涵,1
文学作品,1
主流,1
价值观,1
下去,1
莫言,1
那样,1
诺贝尔文学奖,1
文学,1
6.1,1
儿童节,1
女士,1
而且,1
组建,1
玩转,1
战场,1
一开,1
胜利,1
自来,1
速速,1
不及,1
爽个,1
痛快,1
一如既往,1
集团,1
二十多个,1
消化,1
对称,1
每年,1
强烈呼吁,1
盲目发展,1
绝大部分,1
供大于求,1
蚕食,1
市场,1
高附加值,1
实际上,1
产量,1
大力发展,1
有机,1
慢慢,1
消费者,1
联系人,1
邮箱,1
bfwangrenmeng,1
jd,1
com,1
同学,1
工作日,1
经过,1
核实,1
立即行动,1
采购,1
营销,1
层面,1
各地,1
配图,1
云南,1
大蒜,1
橘子,1
父亲节,1
走心,1
遇到困难,1
怎么办,1
完有,1
彩蛋,1
灵动,1
数千万,1
客户,1
变卦,1
虚张声势,1
说句,1
心里话,1
第一架,1
重型,1
下线,1
知识产权,1
同样,1
超重型,1
立项,1
物流业,1
高科技,1
高颜值,1
好些,1
钻戒,1
香艳,1
很快,1
七上,1
巴下,1
倔强,1
聪明伶俐,1
武艺高强,1
浑身是胆,1
行侠仗义,1
多变,1
白玉堂,1
梦境,1
达尔文,1
产生,1
反过来说,1
个体,1
超棒,1
芥末,1
辣条,1
哼哼,1
action,1
厨艺,1
真传,1
暗黑,1
连日,1
暴雨,1
市民,1
答复,1
兽医,1
食人花,1
有病,1
跑不了,1
关税,1
汇率,1
贬值,1
低消,1
负面影响,1
时开,1
暖气,1
胖子,1
子刊,1
证实,1
环境温度,1
会刻,1
精子,1
越低,1
迪非,1
充破,1
火烈鸟,1
意识,1
课题,1
霍金的,1
物理,1
法则,1
这本,1
路线图,1
如何,1
小心谨慎,1
深谋远虑,1
陷阱,1
繁荣昌盛,1
左下,1
自行车,1
果然,1
爱答不理,1
高攀不起,1
---,1
抄写,1
新舞林,1
大会,1
外卖,1
充电,1
05,1
东同,1
审查,1
委员会,1
呼吁,1
更多人,1
谏言,1
77,1
岁月,1
贪吃,1
生鱼,1
生鸡,1
生牛,1
悲剧,1
发生,1
快速,1
资讯,1
乱吃生,1
礼拜,1
十斤,1
史玉猪,1
变史,1
玉猴,1
小鸭子,1
香味,1
大热天,1
飘逸,1
沙滩,1
游泳,1
浮潜,1
琉璃,1
塞舌尔,1
角度看,1
珍藏,1
酷燃,1
一触,1
潇洒,1
形象,1
亮白,1
一点一滴,1
第二个,1
旅程,1
壮大,1
贫困,1
加餐,1
愉悦,1
一滴,1
汇入,1
中国扶贫基金会,1
贫困地区,1
健康成长,1
献爱心,1
游去,1
姑姑,1
一嘉人,1
小聚,1
王骁,1
接下来,1
历经,1
蜕变,1
张扬,1
小棕皮,1
花花,1
大美女,1
点餐,1
需谨慎,1
凌晨,1
苹果,1
秋季,1
字幕,1
乌鲁木齐,1
水磨沟区,1
遭受,1
人身安全,1
威胁,1
攻击,1
捏造,1
虚构,1
刻意,1
贬损,1
名誉,1
企图,1
商业活动,1
谋利,1
报案,1
公安机关,1
调查结果,1
坚定,1
捍卫,1
合法权益,1
归根结底,1
统计学,1
而已,1
只考,1
十一位,1
数学家,1
头条,1
啊哈,1
R17,1
VogueFilm,1
启动,1
CCTV6,1
飞雪,1
连天,1
射白鹿,1
笑书,1
神侠倚,1
金庸,1
而是,1
底色,1
涂抹,1
年少时,1
欢快,1
年长,1
中关村,1
街区,1
小蚂蚁,1
同伴,1
急匆匆,1
往家,1
不动,1
两款,1
限量版,1
加点,1
天安,1
担心,1
干燥,1
逛街,1
刺激,1
疆遇,1
四十年,1
小迪崽崽,1
老迪,1
吸猫,1
162,1
拍摄,1
关于,1
促进,1
权利,1
联合国儿童基金会,1
祝小,1
浪子,1
彼岸,1
握手言和,1
周年,1
妮妮,1
掏妮妮,1
81,1
南京,1
沦陷,1
惨遭,1
杀戮,1
如今,1
现世,1
之名,1
祭奠,1
牢记,1
历史,1
更为,1
正义,1
长存,1
紫金,1
花绽放,1
奖励,1
小红花,1
近几个月,1
受到,1
司法公正,1
检方,1
调查过程,1
尽管,1
辩护,1
社交,1
言论,1
抱歉,1
全力,1
配合,1
明尼阿波利斯,1
市亨内,1
平县,1
检察官,1
办公室,1
提起,1
指控,1
证明,1
自始至终,1
触犯,1
无论如何,1
事发,1
当天,1
妻子,1
造成,1
伤害,1
感到,1
十分,1
自责,1
后悔,1
坦承,1
诚恳,1
道歉,1
竭尽全力,1
弥补,1
此事,1
创伤,1
重新,1
丈夫,1
这段,1
煎熬,1
感激,1
舆论压力,1
恳请,1
苛责,1
议论,1
普通,1
当中,1
东一鸣,1
用脑,1
小龙,1
字节,1
跳动,1
心变,1
连接,1
人为,1
为客,1
拈花微笑,1
人人,1
丑陋,1
PS,1
南极洲,1
中国南极长城站,1
峰会,1
千只,1
企鹅,1
断然,1
角色,1
身外,1
做梦,1
中梦,1
季节,1
顺毛,1
神器,1
水油,1
双层,1
花水,1
一摇,1
合二为一,1
润养,1
打败,1
毛躁,1
出新招,1
紧致,1
究竟,1
听从,1
规定,1
纠结,1
熨斗,1
全脸,1
万位,1
送走,1
喜提,1
家满,1
认准,1
浓厚,1
伊利,1
置顶,1
心愿,1
新年新,1
今年过年,1
糖果,1
清甜,1
蜜桃,1
乌龙,1
海盐,1
焦糖,1
组成,1
一盒,1
家书,1
滋味,1
请勿,1
腊八节,1
喝粥,1
动心,1
钢笔,1
上瘾,1
清晨,1
午后,1
黄昏,1
抓住,1
CatchMyHeart,1
鲜嫩,1
海味,1
果干,1
果脯,1
哪个,1
今天下午,1
五点,1
探秘,1
八块,1
腹肌,1
本胖迪,1
顺心,1
这条,1
抽出,1
每人,1
这波,1
开奖,1
朝着,1
顺顺利利,1
史玉柱,1
独自,1
秘诀,1
清醒,1
OPEN,1
UP,1
不想,1
输给,1
饱览,1
终点,1
冒险,1
探索,1
未知,1
型动,1
动植物,1
养育,1
珍存,1
海洋生物,1
独特,1
小步,1
便离,1
憧憬,1
更近,1
陆地,1
海洋,1
生生不息,1
崇尚,1
多样性,1
完整性,1
WCS,1
理念,1
决定,1
走路,1
上下班,1
发微,1
博以,1
督促,1
监督,1
红雷哥,1
孙红雷,1
发图片,1
合成,1
看出,1
区别,1
助威,1
2019FE,1
方程式,1
Be,1
Vogue,1
Star,1
XX,1
一口,1
畅饮,1
型橙肉,1
凤梨,1
立刻,1
解惑,1
几何,1
拼接,1
浓郁,1
碰撞,1
前卫,1
让你玩,1
春日,1
秀出,1
style,1
托个,1
形状,1
旋转,1
跳跃,1
我闭,1
着眼,1
赤诚,1
先锋,1
作用,1
少年,1
挑战赛,1
不服,1
来战,1
me,1
my,1
name,1
太帅,1
不惧,1
VogueMeCoolPeople,1
枇杷,1
酷玩,1
香奈儿,1
拍美照,1
MademoisellePrive,1
CoolPeople,1
明哲,1
借助,1
外脑,1
聘请,1
麦肯锡,1
网络管理,1
诊断,1
总结会,1
非线,1
真不少,1
破坏,1
重大,1
资产重组,1
审批,1
证监会,1
抹黑,1
带走,1
私利,1
畜生,1
网上,1
恶搞,1
志强,1
虞锋,1
林治洪,1
国军,1
张幼,1
十几人,1
打电话,1
慰问,1
哈哈,1
人缘,1
青年,1
宣誓,1
激荡,1
万岁,1
青年网,1
大桶,1
并非,1
遥远,1
Mytheresa,1
pick,1
甜心,1
MY,1
明日,1
令迪头,1
这袋,1
吴军,1
之美,1
硅谷,1
亲近,1
行行好,1
好不好,1
链条,1
三种,1
男生,1
man,1
以色列,1
人爱上,1
就行了,1
咋害,1
没完没了,1
偷拍,1
地址,1
多人,1
过生日,1
特别感谢,1
工作人员,1
阿丝儿,1
2.7,1
87,1
停下,1
人有,1
身价,1
历史长河,1
云淡风轻,1
追求真理,1
感性,1
艺术家,1
用大爱,1
保卫战,1
行动者,1
购物袋,1
一次性,1
塑料袋,1
联合国环境规划署,1
比耶季,1
多天,1
说长,1
不长,1
学员,1
尊敬,1
题词,1
物质,1
文化遗产,1
悠闲,1
块砖,1
617,1
嫦娥,1
日月,1
上映,1
3.0,1
货币,1
跨国,1
入手,1
对话,1
甲子,1
光年,1
预测,1
一致,1
亿人,1
背书,1
而变,1
Libra,1
本质,1
稳定,1
可享,1
发卡,1
组织,1
金融,1
话语权,1
收益,1
移动,1
想象力,1
革命,1
起飞,1
创业者,1
读懂,1
语义,1
啥意思,1
点映,1
MISS,1
亚太区,1
MissSixty,1
高腰,1
牛仔裤,1
以下,1
女性,1
造就,1
致命,1
吸引力,1
三环,1
束腰,1
小蛮,1
天大,1
长腿,1
MISSION,1
不断创新,1
轨迹,1
按规定,1
低息,1
利率,1
资金,1
特费,1
活雷锋,1
林芝,1
小微,1
牧民,1
几十名,1
干劲十足,1
支边,1
支少,1
民营企业,1
读书,1
一代,1
小说家,1
儒勒,1
凡尔纳,1
两万里,1
找寻,1
青春年华,1
边控,1
百科,1
推开,1
叛逆,1
IN,1
LOVE,1
with,1
高速,1
两车,1
相撞,1
一车,1
凭空,1
消失,1
走近,1
浏览器,1
忘不掉,1
我藏,1
嘴大,1
四方,1
低估,1
决心,1
新宠,1
密泡,1
小苏打,1
一出,1
bling,1
全场,1
pk,1
小小,1
成就,1
积累,1
新家,1
居理,1
理想,1
最晚,1
祝微博,1
十周年,1
两次,1
丁丁,1
带我去,1
些许,1
总之,1
一段,1
第三季,1
土味,1
神曲,1
洗脑,1
调侃,1
桃花运,1
生命周期,1
几次,1
金融中心,1
地位,1
沦为,1
深圳,1
郊区,1
上学,1
SHELL,1
剔除,1
文件,1
CSDN,1
177,1
薪水,1
192,1
统计,1
词频,1
更新版,1
购入,1
700,1
很大,1
一流,1
bug,1
实在,1
一用,1
一声,1
崩溃,1
app,1
不到,1
多个,1
硬伤,1
装入,1
收纳盒,1
自动检测,1
手动,1
粉慎入,1
召回,1
42,1
强烈,1
晃动,1
地震,1
坐标,1
渝州,1
国宾馆,1
好多年,1
这张,1
iOS,1
重启,1
iOS13,1
不止,1
电筒,1
面部,1
识别,1
Lztingoddess,1
刘刘,1
____,1
黑是,1
文人,1
画卷,1
墨色,1
梳妆,1
描眉,1
黛色,1
钟爱,1
推荐人,1
旗袍,1
最能,1
凸显,1
气质,1
耳饰,1
财经频道,1
CCTV,1
大师,1
探讨,1
大秀,1
耳坠,1
要是,1
Capucines,1
包款,1
这座,1
繁华都市,1
锦绣河山,1
千万里,1
十四,1
fans,1
献礼,1
认证,1
FANS,1
love,1
坏蛋,1
欺负,1
吓坏,1
暴露,1
惊艳,1
尽快,1
买到,1
秀上,1
相中,1
卢浮宫,1
hello,1
兴奋,1
三国,1
题材,1
佳作,1
细腻,1
关键,1
阿里,1
比起,1
荣华富贵,1
怀念,1
相知,1
远近,1
万里,1
尚为,1
开元,1
年间,1
想念,1
喧闹,1
繁华,1
百业兴旺,1
长安,1
陕西历史博物馆,1
鎏金,1
马衔杯,1
纹银,1
婚纱,1
与众不同,1
心怀,1
院士,1
演讲稿,1
一口气,1
明确,1
提到,1
链是,1
正确方向,1
天然,1
缺陷,1
公链,1
私链,1
忽悠,1
喷上,1
整片,1
耀夜,1
澳洲,1
熬夜,1
再晚,1
流失,1
四周,1
攻关,1
难度,1
不太大,1
深刻理解,1
应用,1
链会,1
彼此,1
不得不,1
第三方,1
支付宝,1
中介,1
区快,1
链能,1
首尔,1
酷盖,1
携手,1
国漫大,1
红线,1
仙们,1
涂山,1
偶遇,1
年代,1
光棍节,1
云端,1
体积,1
传输,1
更大,1
新衣,1
公告,1
换届,1
个人观点,1
业绩,1
十二,1
完整,1
好了没,1
魔法,1
追随,1
内心,1
对准,1
许下,1
梦圆,1
迈向,1
天天开心,1
烦恼,1
送礼,1
装满,1
浓浓的,1
带上,1
过个,1
防止,1
侵权,1
犯罪,1
反盗版,1
可怜,1
跟上,1
爪步,1
重历,1
炽恋,1
重视,1
建立,1
死亡率,1
制度,1
充分体现,1
追星,1
小九已,1
顾全大局,1
八方支援,1
川军,1
2003,1
2008,1
英勇,1
赞得福,1
赞赞,1
奔赴,1
前线,1
大家鼠,1
医卫,1
或许,1
记录下来,1
艰苦,1
完成使命,1
气吞山河,1
家里,1
外人,1
通知,1
日前,1
带薪,1
办公,1
抗击,1
口罩,1
公认,1
特效药,1
主要,1
发挥作用,1
就医,1
症状,1
发低烧,1
这两点,1
另一类,1
部门,1
传染期,1
密切接触,1
举措,1
出炉,1
车船,1
同一,1
手写,1
对抗,1
彬彬,1
Vin,1
举国上下,1
高度,1
高度一致,1
外邦,1
假象,1
当初,1
一周,1
强制,1
居民,1
两周,1
封城时,1
征用,1
宾馆,1
收留,1
满城,1
乱跑,1
局面,1
1918,1
西班牙,1
流感,1
诊治,1
方舱,1
相隔,1
百年,1
重合,1
机长,1
受过,1
专业训练,1
境界,1
化身为,1
操蛋,1
依法,1
实施,1
直升机,1
点对点,1
运输,1
急用,1
捐赠,1
本次,1
太多事,1
添乱,1
延长,1
放假,1
像不像,1
互怼,1
古书,1
宅久,1
温泉,1
青丘小凤,1
昏睡,1
以多,1
取胜,1
小九气,1
醋坛子,1
青殿,1
退下,1
凤九是,1
威猛,1
赋能,1
同舟,1
共记,1
妈系,1
女友,1
小白,1
凤九宠,1
变美,1
很不简单,1
过程,1
一岁,1
魔幻,1
transform,1
史上,1
最全,1
git,1
操作,1
本九,1
设宴,1
九牌,1
糕点,1
桃花,1
仙友,1
品尝,1
看秀,1
长草,1
单品,1
安好,1
春暖花开,1
漂漂亮亮,1
出门,1
小九出,1
之梦,1
天宫,1
不剧,1
我过,1
巴不得,1
不然,1
小九,1
没完,1
冒死,1
武汉市,1
41,1
振奋人心,1
零字,1
果断,1
医护人员,1
牺牲,1
奉献,1
民族学,1
不来,1
问号,1
青丘白,1
凤爪,1
怎么回事,1
幕后,1
特供,1
夏威夷,1
夜景,1
维多利亚港,1
台北,1
那好,1
景点,1
一日游,1
凡间,1
白色,1
锦狐,1
凤九小,1
情比金坚,1
爱比,1
海深,1
论文,1
大致,1
分布,1
北纬,1
一带,1
摄氏度,1
湿度,1
47%,1
79,1
气温,1
不利于,1
病毒传播,1
冷气,1
大规模,1
社区,1
来临,1
车马,1
劳顿,1
回国,1
减轻,1
资源,1
中招,1
暂别,1
否则,1
付出,1
路途,1
同机,1
同车,1
上百人,1
无辜,1
众多,1
领域,1
上千人,1
忙碌,1
正为,1
十几天,1
自豪,1
几千万,1
自豪感,1
省市,1
进程,1
清零,1
外国,1
冷血,1
可喜可贺,1
疲惫不堪,1
医护,1
甩掉,1
比真,1
还要,1
TO,1
连续,1
三天,1
优越感,1
政客,1
特浪谱,1
医生,1
赤膊上阵,1
氯喹,1
阿奇,1
霉素,1
处方,1
天内,1
74,1
爆发性,1
517%,1
揪心,1
近日,1
500,1
天知道,1
恢复,1
应收,1
尽收,1
长期化,1
进一步,1
缩小,1
首秀,1
数码产品,1
卖货,1
卖身,1
立马,1
暂短,1
然后,1
远远不如,1
最差,1
到达,1
长长的,1
欧美国家,1
较长时间,1
原本,1
通道,1
沉重打击,1
外需,1
出大,1
招下,1
猛药,1
错失良机,1
红红火火,1
先机,1
化危,1
为机,1
白白浪费,1
浪费,1
让给,1
领跑,1
国际航班,1
趋势,1
龚宇兄,1
搜狐,1
共事,1
敬业,1
勤奋,1
一等一,1
机构,1
爱奇艺,1
造假,1
愈演愈烈,1
冲击,1
亿万,1
普遍,1
委屈,1
考虑,1
中国使馆,1
领事馆,1
当地,1
华人,1
指挥部,1
援助,1
海外华人,1
食宿,1
此基础,1
国门,1
东亚,1
儒家文化,1
熏陶,1
木制,1
筷子,1
激发,1
团结,1
包容,1
同情心,1
陡升,1
铁制,1
刀叉,1
好斗,1
放狠话,1
索赔,1
甩锅,1
差异,1
吃货,1
90%,1
60%,1
从未见过,1
岛国,1
非洲,1
多数,1
NND,1
公理,1
何在,1
新锐,1
设计师,1
手工,1
大脑,1
延伸,1
廉价,1
流向,1
越南,1
印度,1
周边国家,1
产业工人,1
劳动,1
加快,1
挽留,1
流行,1
几千年,1
人口数量,1
终结,1
人口素质,1
各国,1
教育,1
子宫,1
转来,1
有口皆碑,1
无奖,1
填词,1
竞答,1
登峰,1
百里,1
南征,1
大中华区,1
520,1
浓密,1
泡泡浴,1
嫩白,1
仙气,1
度量,1
修炼,1
披荆斩棘,1
初夏,1
粉色,1
元素,1
一瓶,1
拦不住,1
曼陀罗花,1
号码牌,1
大赛,1
图一,1
图二,1
面子,1
后期,1
PONT,1
一夏,1
LVPONT9,1
酷飒,1
早晚,1
全体,1
施法,1
享用,1
第二篇,1
炎炎夏日,1
沙龙,1
清新,1
淡黄,1
长裙,1
一幅,1
live,1
充实,1
超龄,1
服役,1
将来,1
大局,1
董事长,1
为首,1
大批,1
大胆,1
破格提拔,1
各级,1
论资排辈,1
一遍,1
喝咖啡,1
湖南永州,1
节目单,1
域名,1
赶快,1
拿下,1
缺个,1
快板,1
言出必行,1
七千万,1
7000,1
两副,1
猜猜,1
没关系,1
寻宝,1
眼前,1
画面,1
上网,1
查资料,1
武断,1
传染,1
天佑,1
晓雪,1
新书,1
有种,1
坚定信念,1
追逐,1
收官,1
王艺瑾,1
刘梦,1
成团,1
冲冲,1
重返,1
繁荣,1
应援,1
古风,1
实验,1
武侠剧,1
月刊,1
封面,1
装进,1
这瓶,1
那次,1
种种,1
片段,1
翻天覆地,1
转动,1
两遍,1
特效,1
不屑一顾,1
男装,1
几张,1
说出,1
口号,1
会发,1
难以,1
收场,1
按着,1
暗流,1
涌动,1
主演,1
有声,1
贡多拉,1
桥本,1
美雪,1
多多指教,1
喜马拉雅,1
无感,1
指出,1
花木兰,1
表达,1
文艺界,1
声援,1
大号,1
外表,1
驾驭,1
Dauphine,1
暗藏,1
巧思,1
探寻,1
叮叮,1
美容,1
填饱,1
血橙小,1
葡萄籽,1
补足,1
白嫩,1
京彩,1
点赞,1
京城,1
开机,1
我星,1
挥刀,1
近代,1
扳机,1
网吧,1
遥控,1
各类,1
体力,1
枪法,1
强悍,1
往往,1
眼疾手快,1
高手,1
别吃别,1
深井,1
翻天,1
未能,1
秀场,1
依旧,1
一番,1
线上,1
观秀,1
超现实,1
虚虚实实,1
交错,1
之间,1
颠覆,1
自我,1
look,1
迫不及待,1
秋天,1
第一杯,1
走遍,1
好久不见,1
节后,1
趴体,1
happy,1
点下,1
准时,1
开抢,1
别错过,1
郭采洁,1
喜宝,1
抢票,1
电影院,1
天王,1
杨迪,1
出没,1
宝物,1
好物购,1
红色,1
高跟鞋,1
点燃,1
全情,1
全力以赴,1
形象大使,1
天性,1
使燃,1
高性能,1
超燃,1
热烈祝贺,1
我和何,1
各自,1
狮城,1
角逐,1
殊荣,1
湖畔,1
校董,1
最长,1
多忙,1
举办,1
娇家,1
抓紧,1
囤货,1
美少女,1
1111,1
淘金,1
悬赏,1
红耀宠,1
担任,1
闯关,1
一万元,1
三辆,1
老规矩,1
大奖,1
关晓彤,1
好礼,1
学班,1
如约,1
五十,1
挚爱,1
声色,1
重现,1
遵循,1
卓越,1
维系,1
母乳,1
长久,1
宝宝,1
予以,1
展望,1
因一,1
11.11,1
京牌,1
中国专利,1
配方,1
金领,1
我帅涛,1
海涛,1
唱的歌,1
生日歌,1
rapper,1
帅哥,1
张智霖,1
粤语歌,1
对唱,1
袁咏仪,1
打人,1
鼓东,1
标准,1
透亮,1
弹好,1
超多,1
天团,1
遇事,1
补给,1
冠军杯,1
集合,1
19.30,1
送达,1
点击,1
辣个,1
幸运儿,1
十九点,1
三十分,1
模拟考,1
重点,1
确认,1
花纹,1
早春,1
Vanity,1
小号手,1
上阵,1
多元,1
叠加,1
趣味,1
GAME,1
ON,1
专家,1
嘉哥,1
嘻嘻,1
更要,1
但愿,1
板凳,1
正视,1
崛起,1
现实,1
规则,1
订车,1
一分钱,1
别墅,1
心暖人,1
叮咚,1
不知不觉,1
半年,1
已来,1
书评,1
照耀,1
向前,1
刘维,1
常多,1
优惠,1
答卷,1
计算,1
异步,1
范式,1
github,1
最快,1
解析,1
四种,1
通用,1
协议,1
http,1
redis,1
mysql,1
kafka,1
网络服务,1
对于,1
开发,1
极大,1
提升,1
留给,1
输入法,1
下图,1
老牌,1
基础,1
boost,1
star,1
速度,1
长沙,1
拉开帷幕,1
特色,1
鲜明,1
丰富,1
多样,1
展品,1
品鉴,1
开心玩,1
王耀庆,1
好开心,1
好大,1
秋裤,1
耀庆哥,1
size,1
盘子,1
谢白,1
一杯,1
周浦镇,1
周浦人,1
某某,1
小区,1
年初,1
成熟,1
哈哈笑,1
一期,1
春雨,1
夏夜,1
深邃,1
双眸,1
秋月,1
明朗,1
抄诗,1
祝千玺,1
TFBOYS,1
闪电,1
导演,1
题目,1
露天,1
婚礼,1
玫瑰,1
格儿,1
亲爱,1
开朗,1
家乡话,1
寻找,1
四川省,1
公共,1
图书馆,1
诵读,1
传来,1
荣获,1
德阳,1
荣誉称号,1
逆流,1
从心,1
入围,1
第五届,1
人气,1
剧集,1
对白,1
转盘,1
几位,1
格格,1
芒果,1
TV,1
为何,1
何炅,1
WELIVE,1
12.20,1
卧底,1
一晚,1
圣诞,1
限量,1
圣诞礼物,1
野性,1
文创,1
文化传媒,1
新文创,1
荣幸,1
推官,1
牛运,1
当头,1
驾到,1
共迎,1
谢利,1
波特,1
127,1
诞生,1
伟人,1
手感,1
鞋履,1
Pillow,1
Shoes,1
云朵,1
享季,1
打造,1
小镇,1
梦幻,1
降临,1
礼享,1
玩味,1
告别,1
安康,1
剪短,1
肚里,1
元旦,1
第一期,1
勇士,1
勇者,1
燃情,1
公测,1
为所欲为,1
集结,1
OpenAI,1
dall,1
文本,1
生成,1
图像,1
迅速,1
社会主义,1
新意,1
选它,1
出错,1
超显,1
装备,1
Archlight,1
运动鞋,1
轻便,1
舒适,1
颜值,1
背上,1
一只,1
奇趣,1
愉快,1
含苞待放,1
盼春来,1
迎接,1
盛开,1
大年初一,1
体育馆,1
国药,1
安全,1
感染率,1
降低,1
重症,1
克服,1
缺点,1
喝酒,1
孙子,1
酒吧,1
大河,1
波浪,1
夸乔羽,1
哪里,1
戒指,1
卡西欧,1
纽西,1
隔离霜,1
烤机,1
电火锅,1
六福,1
犒劳,1
各位朋友,1
哈尔滨,1
啤酒,1
下单,1
哈啤牛,1
发财,1
一碰,1
哈啤发,1
十倍,1
芙丽芳,1
丝洗,1
周黑,1
可比克,1
奥利,1
阿华田,1
有品,1
现货,1
全面,1
Redmi,1
K30,1
至尊,1
纪念版,1
谷小酒,1
米家,1
扫地,1
电暖器,1
卖价,1
折扣,1
超能,1
给力,1
KO,1
惦记,1
春节假期,1
说到就到,1
雀巢咖啡,1
吉祥,1
学业,1
实学,1
手速,1
不卡,1
聊天,1
拜年,1
甜甜,1
事事如意,1
搜同款,1
带回家,1
终场,1
爱康,1
国宾,1
体检,1
康师傅,1
没错,1
想法,1
刚好,1
夸克,1
面试,1
说明,1
期盼,1
人数,1
逐天,1
天热,1
那时,1
满大街,1
珍品,1
全兴,1
大曲,1
金质,1
水乳,1
悠然,1
贝德玛,1
卸妆水,1
农心辛,1
23,1
影驰,1
3090,1
微星,1
电竞,1
主板,1
强生,1
破壁,1
电水壶,1
千禾,1
溜溜,1
梅等,1
两期,1
存货,1
马尾,1
城市,1
治理,1
最棒,1
Air,1
海信,1
VIDAA,1
五粮醇,1
金牌,1
上好佳,1
群睡,1
一家人,1
旁听,1
之一,1
循环,1
目击,1
吴昕,1
吴大美,1
乐呵呵,1
山雀,1
QQ,1
GEL,1
KAHANA,1
29,1
拱辰享,1
TF,1
洗碗机,1
徐福,1
无声,1
正片,1
早就,1
欧美,1
渐渐,1
追上来,1
一组,1
串烧,1
热烈,1
欢庆,1
后津率,1
野格,1
长城,1
红葡萄酒,1
沙宣,1
丽得姿,1
底料,1
31,1
秘贴,1
焕然,1
NOMOS,1
Club,1
金碧辉煌,1
醇香,1
LACIE,1
三防,1
移动硬盘,1
大厨,1
蒸箱,1
本想,1
几句话,1
看映,1
天花板,1
星星,1
睡觉,1
睡着,1
嘴里,1
还念,1
紧紧,1
蜗牛,1
爬山,1
好快,1
生日蛋糕,1
睡午觉,1
写点,1
小天使,1
开心果,1
谢谢你们,1
绘声绘色,1
扮演,1
升降机,1
意思,1
每次,1
大哭,1
三岁,1
很久很久,1
金安,1
向太空,1
怎么样,1
相馆,1
恭贺,1
万福金安,1
漂亮,1
疯哥,1
吟诗,1
天梭表,1
TCL,1
4K,1
雷鸟,1
天禄,1
发光,1
黄金,1
吊坠,1
衡水,1
老白干,1
阿芙,1
套盒,1
奥妙,1
洗衣,1
凝珠,1
施华蔻,1
中年男人,1
异性,1
兴趣,1
标志,1
贺岁,1
大片,1
备齐,1
我备,1
闪亮,1
进圈,1
吉合,1
兰蔻菁,1
豪门,1
盛宴,1
糊涂,1
新百伦,1
新神,1
开售,1
0.1,1
15.2,1
观影,1
大人,1
优质,1
动画电影,1
之力,1
不容,1
小觑,1
佩戴,1
VOLT,1
挡不住,1
不忍,1
直视,1
生长,1
热力,1
无限,1
新气象,1
VIP,1
会员,1
蔚来,1
逼近,1
BBA,1
一顿,1
那儿,1
冷嘲热讽,1
看来,1
世间,1
使命,1
看法,1
留言,1
从此,1
丫拉黑,1
签名档,1
假期,1
讽刺,1
一不小心,1
活该,1
指望,1
完蛋,1
这太,1
幼稚,1
胡说八道,1
理由,1
自愿,1
有利于,1
何况,1
持平,1
按照,1
划分,1
创新者,1
早期,1
接受者,1
推动,1
落后者,1
阻碍,1
主观,1
善意,1
wrnmmmp,1
捣乱,1
发明,1
不知,1
当讲,1
不当,1
上交,1
完毕,1
同意,1
死妈,1
避嫌,1
堂堂正正,1
鼓吹,1
推掉,1
三家,1
商务,1
广告,1
邀约,1
第三家,1
三观,1
不正,1
丢不起,1
那人,1
车评,1
试玩,1
试驾,1
花错,1
毕竟,1
一大笔钱,1
各租,1
懂车,1
懂个,1
过车,1
参数,1
意淫,1
软文,1
北方,1
程式,1
没什么,1
卖车,1
通常,1
生意人,1
义务,1
问到,1
撒谎,1
利益,1
掉电,1
博里,1
揣测,1
评测,1
截然,1
相反,1
假装,1
没拿钱,1
水平,1
相当,1
整体,1
发热,1
没买过,1
没摸,1
一天到晚,1
不说,1
脏话,1
德意志,1
博物馆,1
切开,1
它们,1
曾经,1
伟大,1
退休,1
TY,1
豪车,1
红灯,1
绿灯,1
并排,1
更快,1
地开,1
直到,1
他开,1
特斯拉,1
车里,1
像是,1
儿子,1
本板,1
寒冷,1
挪威,1
瑞典,1
普及率,1
中国政府,1
资本,1
这方面,1
取得,1
一块儿,1
没摸过,1
方向盘,1
键盘,1
大侠,1
下车,1
进屋,1
非得,1
小心眼儿,1
不拉黑,1
人生道路,1
坏事,1
侥幸心理,1
CD,1
统治,1
二十多年,1
一代人,1
啃着,1
绿油油,1
油汪汪,1
忍个,1
几十年,1
跳过,1
私人,1
飞行器,1
首先,1
喷屁,1
打比方,1
油车,1
车主,1
其次,1
屎尿,1
恶心,1
机灵,1
解释,1
上路,1
干净,1
不臭,1
路程,1
太远,1
屁用,1
加屁,1
车上,1
装置,1
而加,1
随处可见,1
提上,1
裤子,1
讨厌,1
人家,1
同价位,1
几乎,1
样样,1
时不时,1
多转,1
一道,1
耗粪,1
国外,1
好处,1
一腔热诚,1
一红,1
基本上,1
过气,1
墨镜,1
恬淡,1
教师,1
岗位,1
教书育人,1
功力,1
年近半百,1
饭量,1
不减当年,1
睡眠,1
也好,1
小伙子,1
似的,1
博主,1
误伤,1
赞美,1
硬汉,1
哎呀,1
十点,1
二十,1
左右,1
歌曲,1
有个,1
全家福,1
化妆,1
大神,1
上去,1
如意,1
顺意,1
身体健康,1
多多,1
浓浓,1
多生,1
欢声,1
笑语,1
知足,1
一见如故,1
团团圆圆,1
小品,1
我整,1
本科毕业,1
安徽,1
规模,1
数学模型,1
决定性,1
因子,1
程度,1
负相关,1
二胎,1
挡住,1
断崖,1
下滑,1
新生,1
婴儿,1
上年,1
17%,1
仅为,1
1004,1
建国,1
新低,1
伴随,1
急需,1
中华,1
血脉,1
昌盛,1
拍些,1
连续剧,1
田震姐,1
不好意思,1
李焕英,1
这部,1
相对,1
触及,1
灵魂,1
忽略不计,1
先不说,1
讨论,1
喜剧,1
贺岁片,1
百分之九十,1
篇幅,1
绝不,1
含糊,1
失态,1
抽泣声,1
打扰,1
抑制,1
肌肉,1
调整,1
呼吸,1
之类,1
老婆,1
更怪,1
扰民,1
索性,1
嚎啕大哭,1
完假,1
上班,1
摸摸头,1
官宣,1
COUSSIN,1
优雅,1
烈士,1
团长,1
招聘,1
拉勾,1
职场,1
观察室,1
赚点,1
短期内,1
看图,1
挂钟,1
是因为,1
25,1
索尼,1
三星,1
罗技,1
鼠标,1
加湿器,1
宜宾,1
贵宾,1
一块,1
七彩虹,1
GeForce,1
RTX,1
群应,1
马东,1
之邀,1
奇葩,1
辩论,1
秀才,1
遇上,1
有理,1
说不清,1
心痛,1
李想,1
地上,1
摩擦,1
还好,1
跨圈,1
天真,1
老板,1
降维,1
进攻,1
扳回,1
一局,1
隔行如隔山,1
友情,1
提醒,1
慎重,1
天梭,1
戴森,1
09,1
修修,1
头发,1
元宵节,1
金盏花,1
美菱,1
空气,1
炸锅,1
创维,1
酷开,1
白酒,1
箭牌,1
花洒,1
刀具,1
奥碧虹,1
航天,1
包子,1
缘由,1
延年益寿,1
皮肤,1
抵御,1
力饿,1
体弱,1
骨骼,1
腿酸,1
吃饱,1
届时,1
志愿,1
重温,1
志愿者,1
到来之际,1
朗读,1
据说,1
整天,1
没敢,1
趁着,1
路过,1
打烊,1
一贯,1
出色,1
牛肉,1
意外,1
前些年,1
世界各地,1
经验,1
好像,1
高矮,1
胖瘦,1
屁股,1
简直,1
友好,1
旅客,1
禁止,1
标识,1
公共设施,1
重要性,1
粮醇,1
罗兰,1
林内,1
热水器,1
详情,1
组合,1
亮相,1
娇兰,1
复原,1
PIY,1
衣帽架,1
吉斯,1
贝克,1
巴斯,1
食物,1
处理器,1
群交,1
夸父,1
多款,1
哈根达斯,1
尊礼卡,1
知味观,1
青团,1
东芝,1
马桶盖,1
完工,1
完花,1
两束,1
珍贵,1
坐在,1
周生生,1
蒂佳婷,1
语音,1
导航,1
吵起来,1
新季,1
篇章,1
即刻,1
踏上,1
秋冬,1
OLAY,1
小白瓶,1
方太,1
烟机,1
灶具,1
四季,1
林家,1
电池,1
陡降,1
半天,1
没电,1
掐指一算,1
apple,1
ipad,1
哪天,1
GUCCI,1
AOEO,1
海氏,1
电烤箱,1
摇滚,1
动物园,1
防晒霜,1
干红,1
Vans,1
火鸡,1
正大,1
烘干机,1
薛高,1
玻汾,1
Schick,1
剃须刀,1
佳沃,1
蓝莓,1
状元,1
螺蛳,1
金珀,1
简爱,1
安心,1
倾心,1
港湾,1
家装,1
用品,1
挑选,1
装饰,1
热爱生活,1
注重,1
品味,1
家居,1
滤镜,1
不自,1
关键词,1
先来,1
冰红茶,1
无极限,1
战队,1
冰爽,1
不野,1
虚假,1
真实,1
奇怪,1
传谣,1
断章取义,1
惹出,1
不得了,1
欠妥,1
隐蔽,1
这会,1
不道德,1
脚本,1
背下来,1
观点,1
迂腐,1
手段,1
根本,1
除非,1
音乐会,1
假唱,1
一类,1
蓄意,1
欺骗,1
澄清,1
欢聚,1
炭爽,1
洁面乳,1
控油,1
清洁,1
支装,1
专用,1
惠普,1
打印机,1
Ulike,1
脱毛,1
迷你,1
梦龙,1
吐司,1
华山论剑,1
台式,1
天地,1
壹号,1
苹果醋,1
纯米,1
贡牌,1
龙井,1
小兽,1
乐事,1
前方,1
温馨,1
提示,1
音量,1
调低,1
旗舰店,1
运动,1
百种,1
优选,1
统统,1
橡皮泥,1
过来,1
惊讶,1
好羡慕,1
点点头,1
加工,1
请吃,1
冰淇淋,1
9Pro,1
祖玛珑,1
统帅,1
电影票,1
凯乐石,1
人体工学,1
米露,1
新疆,1
洗发水,1
无价,1
2015,1
一路,1
通兑,1
宝格丽,1
爽肤水,1
天美时,1
361,1
帮宝适,1
生态环境,1
发声,1
大熊猫,1
宽厚,1
手掌,1
手指,1
指路,1
WWF,1
基金会,1
MK,1
斜挎包,1
电动牙刷,1
安热沙,1
一体机,1
三亚,1
天域,1
酒店,1
美特斯,1
带货外,1
感情,1
困惑,1
或是,1
度过,1
夜晚,1
出差,1
刚才,1
北京机票,1
名单,1
导致,1
买票,1
奇怪的是,1
网站,1
现有,1
如下,1
何方,1
道友,1
作法,1
有事,1
商量,1
联系,1
债务,1
偿还,1
事宜,1
副总裁,1
立元,1
安检,1
拦下,1
不许,1
登机,1
滥用,1
裁量权,1
确保,1
同案,1
同判,1
立法机关,1
检讨,1
现行,1
法规,1
做生意,1
欠下,1
很难,1
纯靠,1
打工,1
兢兢业业,1
成绩斐然,1
老赖,1
奔波,1
坐飞机,1
经济舱,1
高铁,1
动车,1
二等,1
工作效率,1
法院系统,1
执行,1
某个,1
环节,1
误会,1
关联,1
锤科,1
股东,1
法人,1
捆绑,1
处理,1
消令,1
民航,1
相应,1
延迟,1
还订,1
不了,1
晚些时候,1
明早,1
能飞,1
定档,1
唐卷,1
海报,1
长风,1
盛唐,1
前女友,1
男友,1
想不通,1
男朋友,1
吵架,1
情况,1
羡慕,1
第一天,1
到时候,1
包扎,1
蝴蝶结,1
手巧,1
吴磊,1
LEO,1
点至,1
金条,1
百件,1
超值,1
说实话,1
难过,1
难成,1
总能,1
歌狠强,1
大红,1
灯泡,1
和路雪,1
可爱多,1
太平,1
鸟卫衣,1
Ps,1
确定,1
合影,1
中间,1
无坚不摧,1
原因,1
扎心,1
情太好,1
温情,1
信心,1
整个,1
一世,1
一切都在,1
歌歌,1
冲浪,1
静候,1
诸位,1
初出,1
长安城,1
有幸,1
徒儿,1
亦师亦友,1
公孙,1
刺史,1
同行,1
一程,1
万千,1
并肩作战,1
心疼,1
离别,1
无力,1
求轻虐,1
虐得,1
太惨,1
长歌牌,1
问答,1
五体投地,1
做客,1
dbq,1
范志毅,1
两位,1
说不定,1
